path,size_bytes,sha256
CHAT_STAGE_MAP.md,2267,e4f0c037d08827cf2ec2754f15934423737e89d33b4cc954e0ef3ec0cd671056
HEADLINE_RESULTS.csv,1243,879bba3a76fc48ed210ae9dac4b2c2c7321729cb88c8d0f340a521ae0e82f4fb
NOTEBOOK_TO_RESULTS_MAP.csv,1891,16c520c992276de00850048aaa7b896c39ee0c8fd5f55893a2eecacb2626e991
PACKAGE_CONTENTS.txt,1818,c6fc75871781a47c0185b99a4607de76485a4efb507925f8a8d7333f42bdac76
README_FIRST.md,3705,a1bd5550363f197fd617c91cbcdf745b5cf2068773658fce3a9ca85e9e9158d3
RESULTS_SUMMARY.md,4883,4930de6b8ccf3b5076ebee0429e3796ffb2c3d274d85641eecb3575f45d03130
code/.pytest_cache/.gitignore,37,3ed731b65d06150c138e2dadb0be0697550888a6b47eb8c45ecc9adba8b8e9bd
code/.pytest_cache/CACHEDIR.TAG,191,37dc88ef9a0abeddbe81053a6dd8fdfb13afb613045ea1eb4a5c815a74a3bde4
code/.pytest_cache/README.md,302,73fd6fccdd802c419a6b2d983d6c3173b7da97558ac4b589edec2dfe443db9ad
code/.pytest_cache/v/cache/nodeids,580,29551616e58809b7e4b3e37f4b588a9e59a4013bbeb104db91fd87f44ac694e5
code/EXPERIMENTAL_PROTOCOL.md,7787,43216ddfc51d4404b96812fb6e90bcf251f94bba54405339d77126e37098a1d2
code/EXPERIMENT_MATRIX.csv,1550,67436762b2ceb1cd819d2f8d6303fd45259cd499b3109791ded5b31bc58ab3de
code/ORIGINAL_SUITE_README.md,3968,1ef01f720cef8a25667ba425c734ee5f7f1d5254d0a100cf1bcab538e1192aca
code/PRISM_REPLAY_PROTOCOL.md,1569,2dd17ed6f2b96c5944c3e29b7bf7758f6210efc267619e3c579302be0d221eaa
code/RESULTS_MANIFEST.md,1541,113eeabd0422d38cd7d58d2200655128269be05dd7efe92343aeb9202e6cf23a
code/make_notebooks.py,32471,16c9678e3526aa4ac8823e600fd921a416d2736c6210533a466c9cb4e6bd3e9d
code/notebooks/01_binary_theory_benchmarks.ipynb,217921,abf33b3bafebd999fd4328aaa7fc5c0d63374b0654999b65420c27dcabf47362
code/notebooks/02_record_envelope_lp_ladders.ipynb,142906,f481f403298919b9277276b1943445d4595bdd67405feb274f471ce34ea5eda7
code/notebooks/03_multihypothesis_extension.ipynb,83104,f742f4de90809079b6fcd0484c607f6337536834e2ad926c3fe1f81929a72eb1
code/notebooks/04_robustness_stress_tests.ipynb,100506,9fc055c68a6b7db229636c09efcaa76fa482991b00b16ca968cd37e7cee8165a
code/notebooks/05_external_uci_har_replay.ipynb,23405,6b6c9ed3aae156fe16b09370e85a85032ddcdfa7496c3322ef59c3f6c8b92570
code/notebooks/06_reviewer_closure_experiments.ipynb,283312,0d10e5d2a2a2c59f32f7fac67ca2aadb5f8ecbfa6445445c8ab1bdae38c80fa2
code/notebooks/07_real_external_multisensor_gating.ipynb,33522,964b726c12c250e2aba6fc347310808ee6609c425edb44fb6b03571de781b5c9
code/requirements.txt,125,99e474b75faac668fd25626f9acf04c325a28f00e1a544f42e49b3f2af4615c0
code/run_all.py,832,5e77736b3f208fa7efc5b430d415a175ad15bc3bc0105a9e0705433c5d9b18a1
code/src/__pycache__/gated_benchmarks.cpython-313.pyc,30288,d0a893b73ef7609c668766465b18aade4c331fbac75cdbc7d208cf31513c80ff
code/src/gated_benchmarks.py,18144,394eb1eda32331c678bf2c90fa78a0b135cb2c8ee2176576774dac11b1f04b16
code/tests/__pycache__/test_core.cpython-313-pytest-9.0.2.pyc,18480,f70c3a666e32a93057248e3636665e7c0149e84115b90130823fc8e809cde4c6
code/tests/test_core.py,2492,cffa5d1bec8b6fa5ba504b90a20b75cb506d4fb31789d3435487e739f1086586
code/verify_package.py,790,92c2741cc3afd7ddd2552bf7aab3db1647e3277ce5fe0bcebfe0dd708d4b24ff
historical_raw_results/033df69a-2838-465b-81dc-4074aec1f931.zip,554105,0f9bff5abc6209f37078eb0d2798996c891ffafcfc925b54820f3e9ba6ea9336
historical_raw_results/23f217b8-43e6-4d46-be89-f392b2869bd0.zip,324230,8ce227532eda6a4087d039f2508c083b53ac5080fe4de98b1ff53ad391a75fe5
historical_raw_results/2d43bbfe-4a38-46af-a3e3-9305e4f8b90d.zip,58729,5f07d50f8fa965b2777819bde15e49ce81b28ba470163374b983711a5b09e2b8
historical_raw_results/305ced79-d613-47de-b122-191ad0e6b9b9.zip,554923,8fa296962dba60133e5a2fc60ffd7e333011d5fc80956d64d53803910c2a2c38
historical_raw_results/4e60dd19-a549-40b1-9f6f-686ee0b0d07c.zip,61030822,50b0f398f45f65d45142468ebb927f502b89e752c38226a0c2b54b0524709650
historical_raw_results/8153dab2-2b86-4e09-93ba-f104fa2e208d.zip,229089,7ce3849811e8cd1c12baa4b2393e9fceb8beb6abe9754fb9b13dd0b6fb80f829
historical_raw_results/all_experiment_results.zip,551319,abba07f1b447b8b1eb6ad399003d07e851269439df19c3b5bbe40b73b5815f8e
historical_raw_results/e499ebc1-05ee-4316-8c32-4b5a6e6de95d.zip,344895,639e5e3bdc7020f6d475212cfaf2d2ca883531d940fbe9b383bc83e9f5dc88b9
original_packages/Gated_Sequential_Testing_Best_Available_Results_Audit.zip,561710,1e69173e30b1159f6226947468104a51fb50cd8dcc62586c2f610a8508a45073
original_packages/Gated_Sequential_Testing_Experimental_Benchmark_Suite.zip,919088,913619933c605c92c972f36231ae0f1d50971ca5452c1c4b5f4e2277622abbe6
original_packages/Notebook_06_Reviewer_Closure_Verified.zip,158332,7b3b35c693ef59259b725ee6e83bb985cb92c8fe6ca7f734aadb6e3cdc7e9ce6
original_packages/Notebook_07_External_Multisensor_Benchmark_Verified.zip,11364,21d445d4adea8611e29a20f025ef9393721cbe9f8d4c0e736bd3bf584a44b195
qa_and_audits/FINAL_UPDATE_AUDIT.md,2607,11377d1c67d52f7f32925a060193bfd2299fac5300b94db21eb46769f913b0fb
qa_and_audits/NOTEBOOK06_README.txt,790,51e85d1eec68d2e14978baf33ab43b93470a1b50b13388a88552bc8ea4832811
qa_and_audits/NOTEBOOK07_README.md,836,aa6007c3d41d0916ba173c1f7da877b441d6e35111be51b35a93103dbd402eed
qa_and_audits/NOTEBOOK07_REAL_DATA_AUDIT.md,2960,7b6ef3f60ae29f3784cf8f446d7740fc9185b2d1b1396e7c4266a8b0821f8666
qa_and_audits/NOTEBOOK07_VERIFICATION_REPORT.txt,1235,62d96d98ac26abcf4538b5606a8696a9dae64363d635d4a859a04d4d50908593
qa_and_audits/ORIGINAL_SUITE_VERIFICATION_REPORT.txt,425,f31f51092c22f2bfe478e36c2303d0dbb1020072a19c23b63d67d966c7737fa0
qa_and_audits/RESULTS_AUDIT.md,8449,f3f788e841ba55e51a005928ad2f50213e4ce2400bd02b55471cab36cc962cb3
qa_and_audits/environment_versions.txt,155,4653c427830b7735c978ae50f445cd0b887926564d1696282b3c7fa7e6bbe402
qa_and_audits/notebook_parse_check.txt,589,3f5e6d6cf75f81a6acddcb938e347e911b617d85d6b84967331a6394b43ed249
qa_and_audits/unit_test_output.txt,98,f83fda94cd3ec7d81b3dc157a82a1a06b0170efc57fe4262f47bccfd580f15c4
qa_and_audits/verify_package_output.txt,425,d82a6372e2db2f2c6620b1707f819933103440f8793543ff0b8c5b61f6d79db2
qa_and_audits/zip_integrity.txt,1261,f9f5c7859cb44ba2ff84915a16519ba39f37d39b730f12bc2519912cb6eda597
results/audited_best/CLAIM_STATUS.csv,2425,d339083ca291af40131f0ffde34ee586eb99d80624ed035a0def990841926bf5
results/audited_best/RESULTS_AUDIT.md,8449,f3f788e841ba55e51a005928ad2f50213e4ce2400bd02b55471cab36cc962cb3
results/audited_best/SOURCE_SELECTION.md,252,d2f6bf50a0e136d149be7e41bfe36b7f4e97cdc4bc52a166fe24a785bf574934
results/audited_best/figures/binary_first_order.png,45614,0ac3f9f43df02dbbf778ae2500f9e3c0221e71019c774536b04c43340fc7a243
results/audited_best/figures/binary_sample_complexity.png,82878,5c2bea66518ca5a01a4b3522caac05ca1bb6c5825b1a7140e74efa14577eb07e
results/audited_best/figures/correlation_stress.png,85142,772ea7b1905e677dac5b9194ec24e81e862913812aa4c3c2a5ed03b186f94dff
results/audited_best/figures/empirical_poc_regimes.png,84465,609fa98faf75a337eb9d1e3b42d2c15e93974934ad54f9333581c81b8dbd4f4a
results/audited_best/figures/gaussian_overshoot.png,35250,366aae80195b1ca11204e8d56788c152c6fd0cd756e6a0cdb7f869cf97483a8c
results/audited_best/figures/ladder_depth.png,45837,977d05aae45ac0472c2435d6220c7cffc81e85a6f38289973c6ac74fe089151c
results/audited_best/figures/ladder_depth_empirical.png,72169,0defb024df0beb1afa50079f8397f12c6bfa2dda78346249e480f362c7c470d6
results/audited_best/figures/lp_verification.png,50460,00f68d3decb7933c25af4ba6b388d448f91e4b3c23ef8c904a8b1949acf77351
results/audited_best/figures/multihypothesis_scaling.png,64875,70b8090a93cd7a394fc52920e4a72e73ab7da4a27b39e5679371f899b2318448
results/audited_best/figures/poc_surface.png,42823,8e7f53ff55a9a6bcce4aea398e59555a24d17671bf59bc9624879a01517eab72
results/audited_best/results/binary_main_benchmark.csv,8697,449eefb5408ed750c5fa58fef34abe4368558908ac9181108361bf711fc0fadf
results/audited_best/results/correlation_stress.csv,2072,0e781c36177fa6b64b6029a4f6875c0fae20f6c9dd70799162e7ca429f69a264
results/audited_best/results/difficulty_regimes_poc.csv,770,1679aafe5525cf6593cb55aedc678be061da967ce3ac26e123475be7de31f95f
results/audited_best/results/false_unlock_calibration.csv,288,489877870ca1ad1c7478705ed5b27b704741bc0204f17d4d4ba66a411c592664
results/audited_best/results/finite_confidence.csv,1009,5f1bf2ad99f48dcc6c764f4915d536e32141f48e7cea878b2548afba596815e7
results/audited_best/results/ladder_depth_empirical.csv,696,7785d9a9c2f9b7e79460c21b6acb4e2892f8f6a4d811842f13d06351d87e253e
results/audited_best/results/ladder_depth_scaling.csv,180,8fbd2cdd02468bf3b782fe336d8a88035081c4766fe6c55f387ab8f068fdb61e
results/audited_best/results/misspecification_stress.csv,1706,f976da0750cbc5f72ba4ff8b701fc95c76b43fc59834e44ce98b6125ebe03241
results/audited_best/results/multihypothesis_benchmark.csv,5229,09f801ddcd172b3cb4e8d3998f43dd95852c9eb5db2ccdd52fedbe9dfd5fb37a
results/audited_best/results/random_lp_verification.csv,19482,2093a129e36e10b6e196ae56c25acfcf5a50c6cc5591423340fd49cdcd6e2762
results/audited_best/results/record_envelope_examples.json,937,31f08a0b0c828029f043920d19f6dcc3f6e1921eee8157a0543fc75d7a8b1780
results/audited_best/results/trap_scaling.csv,285,47e4b8ff6cfceade1aa3f661fdaea51bb576b6565509c2709dc5c61076f2d2db
results/audited_best/results/uci_har_binary_replay.csv,449,ad2c8fd991fae0ec77924ed53eb5f7e19ea8100b2aa57157e2ef07082b00b43c
results/audited_best/results/uci_har_sixclass_replay.csv,156,d1fc53403b3d44e1f2419f372bffabaca25b5bc6a2da40e7c9dffba9e10cbb99
results/core_suite/EXPERIMENTAL_PROTOCOL.md,7787,43216ddfc51d4404b96812fb6e90bcf251f94bba54405339d77126e37098a1d2
results/core_suite/EXPERIMENT_MATRIX.csv,1550,67436762b2ceb1cd819d2f8d6303fd45259cd499b3109791ded5b31bc58ab3de
results/core_suite/RESULTS_MANIFEST.md,1541,113eeabd0422d38cd7d58d2200655128269be05dd7efe92343aeb9202e6cf23a
results/core_suite/figures/binary_first_order.png,44437,1a84caa3636d3f0657df29318f3343065ca179ae47bdc757f450ac21a6208618
results/core_suite/figures/binary_sample_complexity.png,83897,433a38615d1257926b1de150dc3cd5072875cefd493ab872edf104441ecbef24
results/core_suite/figures/correlation_stress.png,84496,7bf3ba58f21e05de99d47d0453181bb0c95ad51f9a7b20dac18b31babbd12273
results/core_suite/figures/empirical_poc_regimes.png,83124,05b3161a52df0e3f860dd24b9ad232a33e2df1c5bb848d4abf51216bddf304a0
results/core_suite/figures/gaussian_overshoot.png,32674,406164c84a5ca29769f46f7d2b578d2e4d9d8635c7d550bcb3177d5524ac1e19
results/core_suite/figures/ladder_depth.png,45837,6324ee87812aa0fbf29303f1f77053b5c75d53add3008e1e1de2e32a891fa111
results/core_suite/figures/ladder_depth_empirical.png,69983,e62ef29799980268ed475760fc89ba641a8c7135cc08a85b2c3c957ff395a3f7
results/core_suite/figures/lp_verification.png,57006,d53f36952c566e8bb25c6c192708c3fcd446eb8fbd9ea3b9f1f735f6b770485c
results/core_suite/figures/multihypothesis_scaling.png,66477,12e89eac4a8e762449e80a31e6fdb2885eddd9ee4958852bb95d11c4ed3fd135
results/core_suite/figures/poc_surface.png,42823,1825913d6ed20ace67a25a885508562fa23e9cbb7b01b72e1b9fb93b0fb7434f
results/core_suite/results/binary_main_benchmark.csv,10237,b9c767a108b1356b2fcba3ad3f4e2d49983cbaf5c36dc72928b2e977df465eb1
results/core_suite/results/correlation_stress.csv,2037,73d52cd4a5d64a89080ecf993bc7ad6e0d68d1d58f379717d55f5a16ed24364a
results/core_suite/results/difficulty_regimes_poc.csv,833,20aedcd0fed0d2b598880cc9f1322304ddc780b99cb2f84ad7e601b004d5f6eb
results/core_suite/results/false_unlock_calibration.csv,274,380de8f501621474161df0c839f0f6f7c0c56ab2bb711e53926d5a412b160fc2
results/core_suite/results/finite_confidence.csv,1025,e77f93cbff5ec8334e1f9fd7b0aebadb553ae9ce3143ba8baa069d8c6c9b518b
results/core_suite/results/ladder_depth_empirical.csv,669,54ca634df6bfd82f5b552838747f0f239330f383606b81bbd32e7daeeb3b3c0d
results/core_suite/results/ladder_depth_scaling.csv,180,8fbd2cdd02468bf3b782fe336d8a88035081c4766fe6c55f387ab8f068fdb61e
results/core_suite/results/misspecification_stress.csv,1683,991bd083f2c511b0a56da154aa2b26918eb003e117a104b857ae5b578a4891e5
results/core_suite/results/multihypothesis_benchmark.csv,3521,53ff3f63d240314b284d0014660b180462a97007f3f1214040d0cb7f147d350f
results/core_suite/results/random_lp_verification.csv,3198,a07dbffac726e2d15ea5e7e9c1cd56da041f6435e58f4b2859d72694a5017d69
results/core_suite/results/record_envelope_examples.json,937,31f08a0b0c828029f043920d19f6dcc3f6e1921eee8157a0543fc75d7a8b1780
results/core_suite/results/trap_scaling.csv,285,47e4b8ff6cfceade1aa3f661fdaea51bb576b6565509c2709dc5c61076f2d2db
results/core_suite/results/uci_har_binary_replay.csv,262,2986cc86caa6a8d44f37434aa34e40ecb256cf3dfd18fedfa33a340bff236d8e
results/core_suite/results/uci_har_sixclass_replay.csv,351,dfff1277e0fabd102897312fd9ce376e37f7f6a267dcaee7ded76c80cd7979a4
results/external_multisensor/NOTEBOOK07_DATASET_CITATION.txt,223,6c775a6a1dcc11a08375a86bada0805a57e885165a85d85230a57dcb84f1e52e
results/external_multisensor/notebook07_figures/external_binary_error_cost.png,82538,65e0d3978d800039aaf180b04ddd94bfaba29a9c699dff9cd70fe73bfb8b5d2a
results/external_multisensor/notebook07_figures/external_delta_sensitivity.png,68943,42e7677e56470c62359a68cacced5a0e7b4273dad30f9c8a2a158e88c3c48f88
results/external_multisensor/notebook07_figures/external_sixclass_confusion.png,108665,351ba84b5446000eb39487365b6f5a515f855e5d4c4d906e1ec52b6bb2e0c2b5
results/external_multisensor/notebook07_figures/external_stage_occupancy.png,38836,272afdb70ee08bd369653f5253dd1ebae46715f541f48845b8f1609cc8ed9094
results/external_multisensor/notebook07_results/external_all_summary.csv,4117,3d9f4724733e18a94c33e2262483bc83a42cbdaae68c636ef6441d202a9e9fa8
results/external_multisensor/notebook07_results/external_binary_summary.csv,2015,95b22c57b4cd0507fe2a0627fe0973998c23142af69db3f5380df6da5888e42e
results/external_multisensor/notebook07_results/external_binary_trials.json,2207974,b3f613ccdcc404e8607ac25eecbe953f435b923f82aecdf697f3feca1fd295e4
results/external_multisensor/notebook07_results/external_gated_stage_occupancy.csv,126,d60e8c9c8752d4dff14116aa265c7cc7a14f08dfac273c55a9a3831a79110d70
results/external_multisensor/notebook07_results/external_reviewer_ranking.csv,794,818e4478c71cacb91819a621f46da1b5a5560830e8a467b460d94cc394e3d1ef
results/external_multisensor/notebook07_results/external_run_metadata.json,545,393a729a0bbbb7a504330021ac5a5ca2b51fb9d042887f2e5dfbebf12257479f
results/external_multisensor/notebook07_results/external_sanity_checks.csv,129,13bc4e3222b409d006f3a235ff32c940d4a625c72da920af81382da46140e110
results/external_multisensor/notebook07_results/external_sixclass_confusion.csv,250,c8a860234717c9600d019cd0918ed77f9dd33a1891ce8b91e92eeb5441ea8e44
results/external_multisensor/notebook07_results/external_sixclass_per_class.csv,637,01a226d9fb66397fdfb155b83b6d9424618d398d0af76f4aa15704eb870700bf
results/external_multisensor/notebook07_results/external_sixclass_summary.csv,2279,a2534f8b274f8784013954cc701d175648e31df90a5f5ec086a0a10f14add540
results/external_multisensor/notebook07_results/external_sixclass_trials.json,1950694,4ac90f97fa0aaf7e8ad2193bd39ca1ad8433037aa836e1b0f7afe0ac9ac80365
results/reviewer_closure/figures/closure_extreme_poc_convergence.png,70048,7333bdbe7da3020d9a51ee40859ae8a951e6c37bc4241f69eb761a1cd9b9d0c5
results/reviewer_closure/figures/closure_multihypothesis_error.png,61218,24f9e23eb6f4944871ea12bee5b62f5ef36c64733ca5b23a1b2fa41f24da93f0
results/reviewer_closure/figures/closure_rare_terminal_error.png,62226,496d11158c45c9118247e843c017a323b2f8cc7eb2218f6b7f1b55e54d76ca63
results/reviewer_closure/figures/closure_stopping_cap_sensitivity.png,45679,f4a54a24795ebfa425fe17754f2381537a22c62ddb394fffbd69d7ad5ec9cf39
results/reviewer_closure/figures/closure_threshold_sensitivity.png,72719,fabc8a79a738be875cbc38d47bca5e9965d5178b66fd42d349c911a8786bab4f
results/reviewer_closure/figures/closure_uci_har_confusion.png,35531,732c568194a343edbb2555772260a9a912a51126cb61231cd1ae4665056e8a46
results/reviewer_closure/results/closure_claim_status.csv,713,868be76fda1db73cc408e57e4020f1cac9daabc979725fc94dd95791cf3f598c
results/reviewer_closure/results/closure_extreme_poc_convergence.csv,482,93106154c5f8d8ad7d713c2ffafe2c3814ab0c93f98e68e8e0cfbfa59284e443
results/reviewer_closure/results/closure_multihypothesis_confusion.csv,746,62753d4b5082978d1356ea04c8ea41b24c805cdd29c266c9f65890738140594e
results/reviewer_closure/results/closure_multihypothesis_high_stats.csv,7300,22560a66586f840f7573ee24b6be93bab35a37cf1fffa2e9a4df58eacdb77e1c
results/reviewer_closure/results/closure_rare_false_unlock.csv,290,962dd3f530fec7c771a071cd26029fe995145a8c9701eaba673ac814a14201f9
results/reviewer_closure/results/closure_rare_terminal_error.csv,1368,b7ac13a45e286257060769c722c44da5d0a0ec0354dcb82eb2f74c726f5cc6f2
results/reviewer_closure/results/closure_run_summary.json,809,85fd756e4060560044dfedaf8232a4a2c62684e64417eab616e291cef97a8c5d
results/reviewer_closure/results/closure_stopping_cap_sensitivity.csv,2461,f8434063f939423dde21b64283dfb011778aa1d678c5db73ba16d1734d6cfefd
results/reviewer_closure/results/closure_threshold_sensitivity.csv,4919,4cd80d224b3d35438f0fdb29e59c4482471f6483389f10c7fd5e24d9fac2ad3e
results/reviewer_closure/results/closure_uci_har_gated_confusion.csv,117,3aa2b2bbaa4fa0447b08c13c53446c3e94d2091c68bed1c876687ed8e776207a
results/reviewer_closure/results/closure_uci_har_sixclass_summary.csv,1390,b5ff057c6942178185211268a486656d8bfe689c9ce69a614e9c54e41c81e2ed
results/reviewer_closure/results/closure_uci_har_sixclass_trials.csv,106722,b1dfba1d637ade9d32c7cc895da4546ca9b40d79d3953127b1cc0c0b746a0a7d
smoke_only/README.md,674,955894c5b925161a30066395a709b7e1f54594aef0f685aa64adede3c7e1c873
smoke_only/reviewer_closure_results_smoke_verified.zip,232429,08489eab9081db0952c2ede0f9107dce4f22e62a234f1f9dfe435b6a46e28c84
