rep,L,closed,numeric,abs_diff,max_K_drop
0,2,6.270139538248984,6.270139538248984,0.0,4.765206381256544
1,8,23.396162172971152,23.396162172971152,0.0,3.87706349420211
2,8,56.722156106400234,56.722156106400234,0.0,5.069306556938859
3,5,9.9915062318677,9.9915062318677,0.0,3.2965592298863564
4,4,122.71862338841233,122.71862338841233,0.0,2.5423247183206605
5,8,19.157087670642166,19.157087670642166,0.0,2.157744881607915
6,2,21.681659841606105,21.681659841606105,0.0,0.0
7,4,7.86287220119769,7.86287220119769,0.0,5.111674971590813
8,8,18.271308007176778,18.271308007176778,0.0,3.4273136615747166
9,8,13.048306419616294,13.048306419616294,0.0,3.179329609421048
10,4,6.392248774644913,6.392248774644913,0.0,1.4641624853872337
11,7,21.392979571581016,21.392979571581016,0.0,5.530041295889997
12,5,10.118319246764852,10.118319246764852,0.0,5.971702294445132
13,10,22.830418151295042,22.830418151295042,0.0,5.229654299744048
14,10,53.05231953590587,53.05231953590587,0.0,5.497156346671947
15,10,14.846263234398842,14.846263234398842,0.0,4.391026734976178
16,2,8.013327897694696,8.013327897694696,0.0,0.0
17,8,59.81700402266529,59.81700402266529,0.0,4.171813892649622
18,8,83.47162015559147,83.47162015559147,0.0,2.090591191854556
19,9,42.588380422809834,42.588380422809834,0.0,5.967966123042159
20,8,50.48696593561311,50.48696593561311,0.0,6.38048686199437
21,2,6.6237625444410035,6.6237625444410035,0.0,0.0
22,2,30.281562349122513,30.281562349122513,0.0,0.0
23,2,3.886899140270776,3.886899140270776,0.0,1.0822546917286724
24,7,9.246603118208359,9.246603118208359,0.0,1.4561234817214894
25,9,11.06556863736712,11.06556863736712,0.0,4.206659696558122
26,6,35.8942190839438,35.8942190839438,0.0,1.6368971557880663
27,9,26.081129553074845,26.081129553074845,0.0,6.410870912792934
28,6,6.63143355117192,6.63143355117192,0.0,1.2389438194761797
29,7,9.315070405469596,9.315070405469598,1.7763568394002505e-15,6.578457054015718
30,3,70.48507855105143,70.48507855105143,0.0,4.187319838232627
31,3,11.772930138987272,11.772930138987272,0.0,5.298574433039702
32,5,23.39897542015739,23.39897542015739,0.0,6.857467775968031
33,10,162.14079178448372,162.14079178448372,0.0,6.302848460955702
34,6,22.676913459823812,22.676913459823812,0.0,4.278478848423434
35,3,62.45891281488192,62.45891281488192,0.0,4.237958465557128
36,5,14.103407320359699,14.103407320359699,0.0,5.0929863862426785
37,2,5.75306134702926,5.75306134702926,0.0,6.258027816226138
38,6,18.3807999133189,18.3807999133189,0.0,1.7602639445782722
39,6,47.312823311765705,47.312823311765705,0.0,2.656129347106208
40,4,8.896467126130748,8.896467126130748,0.0,0.0
41,9,14.264256987640637,14.264256987640639,1.7763568394002505e-15,5.751276813003617
42,5,29.968095726226856,29.968095726226856,0.0,3.6430327133271727
43,5,35.0974697321496,35.097469732149605,7.105427357601002e-15,3.421992239775741
44,3,11.808838006308337,11.808838006308337,0.0,2.468935114346306
45,9,43.47926469831532,43.47926469831532,0.0,3.232479666220898
46,7,10.117857029291244,10.117857029291244,0.0,4.02649967561336
47,2,31.024730215735,31.024730215735,0.0,2.2633929142767757
48,5,38.144984331001105,38.144984331001105,0.0,4.670185608591296
49,3,5.417723920479954,5.417723920479954,0.0,0.0
50,6,20.199510040134086,20.199510040134086,0.0,5.501163703955383
51,8,70.71348616226322,70.71348616226322,0.0,5.600016738160311
52,4,48.432573570740196,48.432573570740196,0.0,0.995598128675308
53,2,17.345860571165783,17.345860571165783,0.0,0.0
54,4,128.36395451797793,128.36395451797793,0.0,3.428240119412565
55,9,13.130176364786923,13.130176364786925,1.7763568394002505e-15,5.54881237313924
56,3,9.129714140291597,9.129714140291597,0.0,3.3052190968261224
57,10,74.15943834760351,74.15943834760351,0.0,5.2290074869494525
58,2,11.163077912748852,11.163077912748852,0.0,0.0
59,4,8.92520359615892,8.92520359615892,0.0,2.528823748452406
60,4,7.62984085399302,7.62984085399302,0.0,3.4966771747128274
61,9,30.783670254149943,30.783670254149943,0.0,3.880236554272301
62,4,126.87733872150166,126.87733872150166,0.0,1.2356219794229055
63,5,11.780864953880297,11.780864953880297,0.0,3.5945433093435994
64,6,8.466659967615696,8.466659967615694,1.7763568394002505e-15,2.9902319853247623
65,2,5.91527554938654,5.91527554938654,0.0,6.673082127405451
66,4,10.215371761564446,10.215371761564446,0.0,3.6682563797717815
67,9,7.327868173136624,7.327868173136624,0.0,3.329275001086491
68,3,20.035993602555067,20.035993602555067,0.0,4.109196774852225
69,10,70.35559055374313,70.35559055374313,0.0,6.462868600133073
70,9,7.630438471262643,7.630438471262643,0.0,3.966694074160109
71,4,22.34531577916964,22.34531577916964,0.0,5.533439159287175
72,9,29.95797481136205,29.95797481136205,0.0,5.691636137153074
73,8,6.723998917280041,6.723998917280041,0.0,2.726166121559719
74,2,28.890960078644643,28.890960078644643,0.0,0.0
75,10,39.167445859059676,39.16744585905967,7.105427357601002e-15,3.040034412532118
76,7,12.970799565226141,12.970799565226141,0.0,3.4688628604159004
77,2,8.13508640387721,8.135086403877212,1.7763568394002505e-15,0.0
78,2,26.81959443978512,26.81959443978512,0.0,6.286238850513186
79,3,9.298067544718434,9.298067544718434,0.0,1.616342582675241
80,9,18.685486154447815,18.685486154447815,0.0,2.3921851892644206
81,8,82.61196597291247,82.61196597291247,0.0,4.702991787560225
82,3,22.264415117883175,22.264415117883175,0.0,4.576302448045537
83,9,11.377009902472716,11.377009902472716,0.0,5.628529688331481
84,3,8.06635248667211,8.06635248667211,0.0,1.0025999332602376
85,10,44.48415434812598,44.48415434812598,0.0,4.5914808777647025
86,8,26.77779774865592,26.77779774865592,0.0,5.080831824052488
87,10,26.946789952752596,26.946789952752596,0.0,5.23138109347262
88,8,9.131554969358346,9.131554969358348,1.7763568394002505e-15,1.8423819493804947
89,9,12.991679661670837,12.991679661670837,0.0,5.536673889334374
90,8,30.427897789136473,30.427897789136473,0.0,7.1983260206389525
91,8,21.184328495130433,21.184328495130433,0.0,5.200867755641793
92,3,9.191538355542823,9.191538355542823,0.0,3.1960618296079253
93,2,9.693307787949426,9.693307787949426,0.0,2.450042700865719
94,3,15.570026349192968,15.570026349192968,0.0,3.6839401113837082
95,10,212.83928074727177,212.83928074727177,0.0,5.738906034768935
96,8,36.63452894070621,36.63452894070621,0.0,6.740099876601974
97,6,15.002393668244904,15.002393668244906,1.7763568394002505e-15,5.40324455328855
98,6,8.369680095550747,8.369680095550747,0.0,1.6366339324184915
99,2,1.9011358983519806,1.9011358983519806,0.0,0.0
100,7,20.933032438690375,20.933032438690375,0.0,3.6769342869906767
101,10,31.537215829964104,31.537215829964104,0.0,6.555700953567843
102,2,1.8361877224486554,1.8361877224486554,0.0,0.0
103,9,11.319380507183045,11.319380507183045,0.0,3.607930728831482
104,7,7.365601790869026,7.365601790869026,0.0,1.846099465816931
105,5,18.344206087070265,18.344206087070265,0.0,3.9351257230116405
106,10,128.11792905804143,128.11792905804143,0.0,4.235471055344283
107,10,13.636320162970003,13.636320162970003,0.0,3.979099556832137
108,10,55.526163215616336,55.526163215616336,0.0,4.571096169545243
109,5,28.667530389430375,28.667530389430375,0.0,7.06008656053825
110,10,72.23448568470623,72.23448568470623,0.0,6.777207820805179
111,9,21.681498466122093,21.681498466122093,0.0,6.44993204644677
112,4,3.557065439515761,3.557065439515761,0.0,0.5534929653614418
113,6,28.87571512965597,28.87571512965597,0.0,5.980551206080403
114,5,15.268008591571178,15.268008591571178,0.0,2.9643163095502842
115,6,9.418236065923104,9.418236065923104,0.0,4.482332252663358
116,4,14.17555409602576,14.17555409602576,0.0,1.8809398182191934
117,8,32.96959862636463,32.96959862636463,0.0,4.017420813256308
118,7,42.612128281905164,42.612128281905164,0.0,2.793338754114067
119,2,2.4613179979508653,2.4613179979508653,0.0,0.0
120,7,22.667060583101364,22.667060583101367,3.552713678800501e-15,6.332826214853844
121,9,9.65108831788456,9.65108831788456,0.0,5.0172628638739205
122,7,12.307515608975296,12.307515608975296,0.0,3.4596781032411656
123,8,16.145722951117627,16.145722951117627,0.0,3.0439739055702297
124,7,28.38863789391552,28.38863789391552,0.0,4.546853409095167
125,6,8.194114965526865,8.194114965526863,1.7763568394002505e-15,4.316669924562859
126,2,17.342000585606907,17.342000585606907,0.0,4.3234842780389595
127,8,16.451076810631992,16.451076810631992,0.0,4.914201767785677
128,8,57.11031460014886,57.11031460014886,0.0,2.9667074785658456
129,2,2.412475965112282,2.412475965112282,0.0,0.06706339270957917
130,4,17.063366516822384,17.063366516822384,0.0,2.114584581539037
131,10,15.88082180163553,15.88082180163553,0.0,4.518569996895787
132,4,40.93546184617559,40.93546184617559,0.0,4.990221638997918
133,9,6.709013059736084,6.709013059736084,0.0,5.264786705255119
134,8,11.205182601181098,11.205182601181097,1.7763568394002505e-15,7.053285290558491
135,8,10.451176205428398,10.451176205428398,0.0,6.3606420888091515
136,6,60.54106491771666,60.54106491771666,0.0,5.291265005374065
137,5,68.85511478343199,68.85511478343199,0.0,1.6778162515964574
138,3,15.251707713324528,15.251707713324528,0.0,3.6512912021611266
139,6,9.089227128722579,9.089227128722579,0.0,7.23454654810282
140,2,5.300518137376828,5.300518137376828,0.0,1.1336910546937515
141,3,5.41356133232277,5.41356133232277,0.0,2.096319841556603
142,3,7.895248325491645,7.895248325491645,0.0,0.0
143,6,18.31925940954203,18.31925940954203,0.0,4.856741570764623
144,5,18.389980064597154,18.389980064597154,0.0,4.807288798877597
145,6,26.386361087297264,26.386361087297264,0.0,2.2741390445973066
146,10,23.403283949755558,23.403283949755558,0.0,5.540407104476187
147,6,18.594709871457344,18.594709871457344,0.0,4.178815023130442
148,6,16.870297294370946,16.870297294370946,0.0,3.6616883602705297
149,9,8.714045834818151,8.714045834818151,0.0,3.2834314236137025
150,5,21.732113031550107,21.732113031550107,0.0,4.209318403709171
151,4,37.66148583484594,37.66148583484594,0.0,5.477820451642623
152,6,62.64612266899763,62.64612266899763,0.0,3.155686872959599
153,7,6.882284262260512,6.882284262260513,8.881784197001252e-16,5.474475204192933
154,4,17.278069351380868,17.278069351380868,0.0,2.8269353575574403
155,7,19.977139900969185,19.977139900969185,0.0,7.425027723813364
156,3,37.03551509380465,37.03551509380465,0.0,1.8640914417685943
157,10,43.64126493077773,43.64126493077773,0.0,4.099330520895968
158,7,6.178835828248902,6.178835828248902,0.0,2.642228033096708
159,5,11.928686349311722,11.928686349311722,0.0,4.225676222748049
160,8,36.79593904783314,36.79593904783314,0.0,4.287077420692645
161,6,9.224440882471937,9.224440882471937,0.0,4.516305186291406
162,2,66.34805465914692,66.34805465914692,0.0,0.0
163,9,40.43111603720512,40.43111603720512,0.0,7.674194232170524
164,2,17.674175356560077,17.674175356560077,0.0,0.0
165,3,23.781615298350484,23.781615298350484,0.0,5.627166165062933
166,9,8.63103803711411,8.631038037114111,1.7763568394002505e-15,3.939836465472108
167,6,15.97955355910404,15.97955355910404,0.0,4.403783758669331
168,8,10.681588786955661,10.68158878695566,1.7763568394002505e-15,5.2384435846003825
169,8,40.65089666861227,40.65089666861227,0.0,1.8817215857366771
170,5,10.814913885812492,10.814913885812492,0.0,3.64312709887555
171,10,59.32611659798184,59.32611659798184,0.0,5.995919182443515
172,2,6.159518064062336,6.159518064062336,0.0,0.7754896285390194
173,9,16.956897451102126,16.956897451102126,0.0,5.498657768931426
174,4,22.963333787182506,22.963333787182506,0.0,5.231316936940919
175,7,18.600639476982224,18.600639476982227,3.552713678800501e-15,2.262281076274337
176,8,16.73865938459004,16.73865938459004,0.0,5.096035487546473
177,10,33.26756599072314,33.26756599072314,0.0,1.898402886273293
178,4,9.193607646004862,9.193607646004864,1.7763568394002505e-15,3.5093578388759923
179,7,11.48976347078114,11.48976347078114,0.0,3.4400185224523687
180,7,67.76950912770614,67.76950912770614,0.0,3.9454033796958274
181,7,23.573681686289145,23.573681686289145,0.0,5.41392247057587
182,10,11.889474853252246,11.889474853252246,0.0,7.238502406783056
183,8,53.85726006610631,53.85726006610631,0.0,5.4366362867746245
184,3,12.532526977467924,12.532526977467924,0.0,0.7993293126011445
185,9,53.459155925305595,53.459155925305595,0.0,6.627802823730097
186,10,9.464562421724422,9.464562421724422,0.0,4.8200332879711425
187,2,27.36536054385558,27.36536054385558,0.0,0.0
188,3,47.89746056946226,47.89746056946226,0.0,3.135279992767951
189,10,139.21445660054607,139.21445660054607,0.0,4.41219436057657
190,3,20.908506642478343,20.908506642478343,0.0,3.6360702382246592
191,6,21.595238416994768,21.595238416994768,0.0,0.8677935855978287
192,9,9.481038540452824,9.481038540452824,0.0,4.127716320581321
193,7,13.919587239753426,13.919587239753426,0.0,4.650283474747154
194,2,3.979425711997358,3.979425711997358,0.0,1.9968922156730757
195,8,38.0606468965514,38.0606468965514,0.0,3.4680229925184554
196,9,37.386379426109634,37.386379426109634,0.0,4.360423566068163
197,8,16.016475388521194,16.016475388521194,0.0,5.4573867207998275
198,5,22.07826513957473,22.07826513957473,0.0,1.562633161635559
199,7,75.92047021298791,75.92047021298791,0.0,1.20290720494914
200,2,9.52074598161182,9.52074598161182,0.0,0.0
201,10,76.15545454361828,76.15545454361828,0.0,7.740041277337593
202,7,27.377463807863293,27.377463807863293,0.0,7.1113018625140185
203,7,11.11385453800022,11.113854538000218,1.7763568394002505e-15,6.514212050212687
204,5,55.29369436291827,55.29369436291827,0.0,3.015007674694231
205,5,8.388903215859434,8.388903215859434,0.0,0.2987665604253742
206,10,36.97474355907853,36.97474355907853,0.0,4.933968019901396
207,10,11.489229158402,11.489229158402,0.0,4.2069322542633465
208,10,26.593436335475438,26.593436335475438,0.0,5.531251862679445
209,5,10.577930056836449,10.577930056836449,0.0,4.481977542732086
210,4,44.93349883837029,44.93349883837029,0.0,1.4376511684077578
211,10,15.794505788645877,15.794505788645878,1.7763568394002505e-15,7.731979458933272
212,4,8.338078298193011,8.338078298193011,0.0,7.032562001326477
213,5,9.189235929454258,9.189235929454258,0.0,3.809266411982773
214,4,6.11051136842262,6.11051136842262,0.0,3.6663096690010617
215,9,26.25898519947802,26.25898519947802,0.0,6.466842538884184
216,2,18.74994724720076,18.74994724720076,0.0,0.0
217,9,43.973753806986956,43.973753806986956,0.0,4.341394324852994
218,8,11.00030367834813,11.00030367834813,0.0,3.995547956527625
219,2,17.96473652095578,17.96473652095578,0.0,0.0
220,3,50.035785162845194,50.035785162845194,0.0,1.2807651805326108
221,8,21.364450177332024,21.364450177332024,0.0,4.063760454929978
222,5,30.171468685678033,30.171468685678033,0.0,1.5237685280161801
223,7,25.76949628149971,25.76949628149971,0.0,2.290149591822705
224,10,37.16295112235824,37.16295112235824,0.0,4.171590256543783
225,5,16.87468341201432,16.87468341201432,0.0,6.581164362641896
226,9,37.17417343786039,37.17417343786039,0.0,7.191414880724644
227,10,81.66026328081045,81.66026328081045,0.0,7.836065619221306
228,6,8.807899897450444,8.807899897450444,0.0,6.036734956630173
229,7,13.25182609615931,13.25182609615931,0.0,4.967059928052173
230,6,13.816296300257513,13.816296300257513,0.0,3.0851644072249513
231,2,5.997280872375531,5.997280872375531,0.0,0.0
232,10,18.331893635340958,18.33189363534096,3.552713678800501e-15,4.0474639798104555
233,6,22.855763434494342,22.855763434494342,0.0,5.2234334293675
234,6,19.273987045769037,19.273987045769037,0.0,6.767044016139694
235,2,5.290805903188754,5.290805903188754,0.0,0.0
236,3,16.61824806959002,16.61824806959002,0.0,1.7729834827537956
237,4,36.17108864714208,36.17108864714208,0.0,4.8411276716432425
238,7,9.04620139203109,9.04620139203109,0.0,6.233204334457036
239,7,17.123448347204782,17.123448347204782,0.0,4.020211185625717
240,3,105.73025516261067,105.73025516261067,0.0,0.7284136342785219
241,8,25.464988883232696,25.464988883232696,0.0,3.512953058423032
242,3,1.9241359704578425,1.9241359704578425,0.0,0.0
243,10,18.61447780272862,18.61447780272862,0.0,5.0237055313455485
244,9,25.287930990576356,25.287930990576356,0.0,6.342030903996017
245,4,20.69517035891174,20.69517035891174,0.0,7.365582109690941
246,5,152.67832856626308,152.67832856626308,0.0,1.9328918127874641
247,7,40.444287262912866,40.444287262912866,0.0,4.6962029774163625
248,4,5.091230143658116,5.091230143658116,0.0,3.9683857527746307
249,10,24.33187590917964,24.33187590917964,0.0,3.6411964204990768
250,7,19.581295326090924,19.581295326090924,0.0,1.583440704821375
251,10,38.14104057340671,38.14104057340671,0.0,3.810472373937261
252,6,20.3804996973174,20.3804996973174,0.0,4.891956445532788
253,3,8.089469780325024,8.089469780325024,0.0,3.3049335401547095
254,10,51.36540046759321,51.36540046759321,0.0,6.409763362480911
255,6,22.54261363384578,22.54261363384578,0.0,4.985138751745748
256,2,16.970113712887546,16.970113712887546,0.0,0.6369694523488083
257,7,7.850557782683497,7.850557782683497,0.0,4.924348803264568
258,5,93.49128957895346,93.49128957895346,0.0,3.0877345388693263
259,2,4.568208574527802,4.568208574527802,0.0,0.0
260,4,7.6827555139527375,7.6827555139527375,0.0,3.478938794839738
261,2,4.840990730141428,4.840990730141428,0.0,1.9652781782296547
262,2,9.641888185954382,9.641888185954382,0.0,0.0
263,4,5.613191756814073,5.613191756814073,0.0,0.42732083532951737
264,9,51.38016434460017,51.38016434460017,0.0,2.756294329992341
265,9,45.42872096617972,45.42872096617972,0.0,5.273442568673037
266,7,23.65008390238809,23.65008390238809,0.0,7.471550202432551
267,7,39.367178294270204,39.367178294270204,0.0,4.146464541030906
268,6,50.29245340557469,50.29245340557469,0.0,4.096139103265995
269,6,25.659045797519973,25.659045797519973,0.0,5.8199749254810005
270,5,104.83246535739977,104.83246535739977,0.0,4.2841547118337715
271,4,5.817862336867041,5.817862336867041,0.0,1.6477971727597822
272,4,90.18455110844842,90.18455110844842,0.0,6.184455116714438
273,10,11.476738788461809,11.476738788461809,0.0,2.905731026489203
274,3,9.675127502380874,9.675127502380874,0.0,4.627745927609706
275,8,14.602855557308187,14.602855557308187,0.0,4.5019481090411695
276,7,9.593046104917441,9.593046104917441,0.0,5.992807510790279
277,8,19.781822406075847,19.781822406075847,0.0,4.479511357158101
278,4,9.06142621469783,9.061426214697832,1.7763568394002505e-15,0.0
279,4,13.543707145155166,13.543707145155166,0.0,1.7913913559056853
280,10,12.689347269918287,12.689347269918287,0.0,4.909834359383705
281,6,35.98727524413391,35.98727524413391,0.0,3.241105058944779
282,5,67.95040245826745,67.95040245826745,0.0,4.052412741717824
283,4,26.178129158723724,26.178129158723724,0.0,7.359226784942671
284,7,10.102184949737513,10.102184949737513,0.0,2.7199720936510627
285,3,6.251982063893881,6.251982063893881,0.0,1.6805141048947014
286,3,15.255900059885189,15.255900059885189,0.0,4.164949992724167
287,3,9.460744698064078,9.460744698064078,0.0,2.036670793892992
288,3,22.519883092262855,22.519883092262855,0.0,1.123904704656355
289,9,36.95820107175433,36.95820107175433,0.0,6.495191260053965
290,5,10.259603987976249,10.259603987976249,0.0,4.394617129966166
291,3,14.550136753506768,14.550136753506768,0.0,0.0
292,2,35.24721987533439,35.24721987533439,0.0,2.663487508738986
293,3,13.688117810822584,13.688117810822584,0.0,0.0
294,10,60.888481362384425,60.888481362384425,0.0,1.8793004947946352
295,5,6.376402589579797,6.376402589579797,0.0,3.3154513361324685
296,9,13.760082606070284,13.760082606070284,0.0,3.3228940872109596
297,10,21.997703780847587,21.997703780847587,0.0,6.025877467946012
298,5,11.088573673556885,11.088573673556885,0.0,2.3788603843187017
299,9,41.63890710436195,41.63890710436195,0.0,6.575514599348147
